Frequency (Hz),Channel 1 Magnitude (dB),Channel 2 Magnitude (dB),Channel 2 Phase (deg)
1,0.01071521318812716,-0.02824089182468657,-2.973950031039621
1.023292992280754,0.01059119062142249,-0.02983144799161409,-3.082744920342407
1.047128548050898,0.008057249557569819,-0.02937701477906979,-3.169858371728559
1.071519305237607,0.009034671351841982,-0.0290125804168911,-3.245476712041217
1.096478196143185,0.01024779033899419,-0.03003923603091761,-3.307671407148021
1.122018454301963,0.00878244969720599,-0.02966029776799166,-3.373265343644676
1.148153621496884,0.008007421230703977,-0.02871450254949277,-3.465304031499823
1.17489755493953,0.007133045724869485,-0.02696104022830768,-3.516818191502001
1.202264434617413,0.007782726674863297,-0.02769349072487696,-3.61728251863282
1.230268770812381,0.01264073945393308,-0.03208705975641903,-3.678142073092225
1.258925411794166,0.009795841643212322,-0.02848301978412789,-3.777026844089391
1.288249551693135,0.00763328961779226,-0.02835529559858645,-3.873713597324866
1.318256738556407,0.006976244674397383,-0.02740909634017274,-3.959214158072626
1.348962882591653,0.009137371618053263,-0.0304620458439836,-4.046635751442523
1.380384264602887,0.009213569101515412,-0.02988718665450284,-4.136722838032398
1.412537544622755,0.007951501932273685,-0.02872224081578088,-4.234798787710957
1.445439770745928,0.0103716953777201,-0.02961041772673538,-4.329807979606812
1.479108388168207,0.01064366003070555,-0.03036565605389591,-4.425618320936167
1.513561248436207,0.01038135526701305,-0.02976384576594732,-4.530636966082739
1.548816618912483,0.00811153673068029,-0.0275724215177778,-4.642987159751584
1.584893192461114,0.005567974773069933,-0.02476200712037633,-4.726471191421268
1.62181009735893,0.006772921450441363,-0.02743929181372788,-4.860418820574367
1.659586907437563,0.005745111809359011,-0.02836087338791468,-4.973052933381481
1.698243652461746,0.009480531723441179,-0.02872749033626302,-5.072498580798021
1.737800828749376,0.009488042436493236,-0.0305051493892528,-5.173902129024091
1.778279410038923,0.01275858735791674,-0.03275117617309435,-5.29842512115032
1.819700858609983,0.006521081031389531,-0.026905030226137,-5.457717784290843
1.86208713666287,0.00553971068040906,-0.0256804905661373,-5.56302236768876
1.905460717963248,0.005521886699475408,-0.02531735219041004,-5.679414972710177
1.949844599758046,0.007834246688942739,-0.02727289561229462,-5.818142414151794
1.995262314968883,0.004105518061227426,-0.02079285318581708,-5.958053129332569
2.041737944669532,0.005174645337032032,-0.02445914624789546,-6.102538243317099
2.089296130854041,0.01012822103471351,-0.02792069904809019,-6.222988721745679
2.137962089502232,0.006801809039277798,-0.025872944246913,-6.377017695634677
2.187761623949552,0.008226260299954767,-0.02573175825771606,-6.524198798994263
2.238721138568343,0.008173121015464448,-0.02849823797094197,-6.697804163778898
2.29086765276777,0.006186594811094129,-0.0231596180763274,-6.828899257346173
2.344228815319923,0.00892187729443953,-0.02710351385145673,-6.990418630547067
2.39883291901949,0.007238170494402829,-0.02346270789980109,-7.153181178981988
2.454708915685028,0.007572839533431013,-0.02337146256988978,-7.307040987928971
2.511886431509577,0.008000688592602074,-0.02547347333397408,-7.479351963545767
2.570395782768864,0.004912210790393039,-0.01994318130455904,-7.666655141467146
2.630267991895381,0.006254229604960282,-0.02124941693647485,-7.841128583822524
2.691534803926914,0.01022687513835476,-0.02566425337670529,-8.06957974777643
2.754228703338163,0.004501679843825836,-0.01889619350263433,-8.218542778174481
2.818382931264455,0.006650441448414249,-0.02324109189077427,-8.36904019706121
2.884031503126606,0.006924909122867037,-0.01794803766551228,-8.616369919142473
2.951209226666384,-0.001928150853641734,-0.005451286741123608,-8.817363372101386
3.019951720402013,-0.000235690970467604,-0.006817841601007425,-8.994090453902196
3.090295432513592,0.004820105407212697,-0.01227498014292653,-9.221529063737719
3.16227766016838,-0.003745624564845533,0.00294499200653308,-9.41628268331263
3.235936569296281,0.004794684474477494,-0.01010609977971111,-9.641701906589219
3.311311214825908,0.002171002755314007,-0.006192890836965683,-9.877296153586997
3.388441561392028,0.001284471712664893,-0.003937892899717285,-10.10743064090164
3.467368504525317,0.0009615713618866045,0.0006288848796487205,-10.36615055514838
3.548133892335753,-0.001473987596817012,0.00377024860250174,-10.56946840991652
3.63078054770101,0.0008474803252378211,0.001966794494193982,-10.82297302445646
3.715352290971728,-0.00123417264909626,0.003224429590399524,-11.09998487234289
3.801893963205612,-0.002939725387597281,0.0052751472978762,-11.37653621545411
3.890451449942804,-0.001303907547387099,0.00770290410852318,-11.63117831332897
3.98107170553497,-0.00338679693810964,0.01244834574881628,-11.91836020650759
4.07380277804113,-0.003959927985940232,0.01526344909304719,-12.19133418004078
4.168693834703356,-0.005047166125720395,0.0181340904304069,-12.49603685305329
4.265795188015925,-0.004461015099295751,0.02052550194505072,-12.78782078787561
4.365158322401657,-0.00547376668978576,0.02308446193144895,-13.09603948715959
4.466835921509634,-0.006590851867245706,0.02819037377504476,-13.41479193235831
4.570881896148752,-0.007739064975617795,0.03181318277784207,-13.74334487691704
4.677351412871981,-0.008097824064285775,0.03581016556540972,-14.05908457402491
4.78630092322638,-0.008936523246489728,0.03815674091305177,-14.38783687470498
4.897788193684466,-0.01264900271747823,0.04865457428937226,-14.72564169306919
5.011872336272726,-0.01122398548441578,0.04898595563979171,-15.12184548733781
5.128613839913648,-0.01257199573283481,0.05449934451153537,-15.50354554986086
5.248074602497724,-0.01254428772258581,0.05979761480820926,-15.87161353002294
5.370317963702533,-0.01334855958348639,0.06312013727464279,-16.26786933460501
5.495408738576248,-0.01545795313403202,0.06990903783230128,-16.65453791530871
5.62341325190349,-0.01739007730253053,0.07859269173029576,-17.09211086438904
5.754399373371567,-0.02039413471907222,0.08214052806310515,-17.50236250587486
5.888436553555896,-0.02325214236014873,0.09304413035074863,-17.95107170559565
6.02559586074358,-0.02263114331254,0.09622250255925774,-18.38927020694877
6.165950018614822,-0.02498958381876084,0.1061578310690792,-18.87794357539963
6.309573444801929,-0.02861356262573934,0.1147253636807129,-19.33491374602434
6.456542290346563,-0.02809641428470058,0.1200084434106263,-19.84223522950438
6.606934480075965,-0.03060212147239122,0.1290880327679703,-20.34202220065693
6.760829753919819,-0.03160955976664078,0.1388924591544787,-20.88638384938226
6.918309709189362,-0.03601377701081224,0.14597216772351,-21.41286654022576
7.079457843841388,-0.04178225994143663,0.1625806918355463,-21.97597422188105
7.244359600749891,-0.03988948997685729,0.1680497173226774,-22.54683332495429
7.413102413009161,-0.04091932183088616,0.1769347738115661,-23.14335690726435
7.585775750291836,-0.04620014010352065,0.1903748783710335,-23.75906579023587
7.762471166286911,-0.04691979255973509,0.1973413174435829,-24.40676238165939
7.943282347242806,-0.04954021174271345,0.2094910432440145,-25.05414624009365
8.128305161640995,-0.05454058210057924,0.2226130408249231,-25.72455807686607
8.317637711026709,-0.05681896692363031,0.2347949003681774,-26.43455348136003
8.511380382023759,-0.0595825496974759,0.2452472927780545,-27.16385809256619
8.709635899560796,-0.06387619811218689,0.2598422299617016,-27.91697681511815
8.912509381337442,-0.06911459579391549,0.2728692482677121,-28.69056318224114
9.120108393559097,-0.07352035117799695,0.285708602427784,-29.49319703104818
9.332543007969905,-0.07338694303072822,0.2943384056304933,-30.34096075985904
9.54992586021435,-0.08137217673227461,0.3121228218982757,-31.20867086664977
9.77237220955811,-0.08536155388207681,0.3234153395814334,-32.1128339920008
10,-0.09172915121676475,0.3382720512226995,-33.04514530087425
10.23292992280754,-0.09597659185954961,0.3492553443873436,-34.01167956835828
10.47128548050899,-0.09880299080256127,0.3595722021142752,-35.00973834400786
10.71519305237606,-0.1072345582628829,0.3726948517110441,-36.06343923531762
10.96478196143185,-0.1134296868579499,0.3850943929191188,-37.16529681633418
11.22018454301963,-0.1197713635649587,0.3928184013845604,-38.30221755596736
11.48153621496882,-0.1247745569841707,0.4010552218168169,-39.45028867581301
11.74897554939529,-0.132868292802532,0.4080781063606909,-40.69677138871647
12.02264434617413,-0.1388011584926986,0.412733503912363,-41.95371761548438
12.30268770812381,-0.145791344406398,0.4170311011641923,-43.27562074592903
12.58925411794166,-0.1552808694252617,0.417544150455034,-44.64201348413422
12.88249551693134,-0.1627430536358959,0.4142783217798091,-46.06969295936365
13.18256738556407,-0.1691668577252179,0.4085620354697796,-47.56256197591245
13.48962882591653,-0.17813867916827,0.3977195255379311,-49.0839184313737
13.80384264602884,-0.187266743655638,0.381784164497607,-50.66970956266422
14.12537544622754,-0.1953775066835358,0.363508872123999,-52.33253180210268
14.45439770745928,-0.2021361883546962,0.3375090798056898,-54.0342359666336
14.79108388168207,-0.211073925906449,0.3021239709802634,-55.76142529830692
15.13561248436207,-0.2193346974836032,0.2663912589458571,-57.59309670400205
15.48816618912481,-0.2283906154034705,0.2198959602720029,-59.44836443304133
15.84893192461114,-0.2349716229939848,0.1617619589611838,-61.37395269464012
16.2181009735893,-0.2436275701590714,0.09715439769616074,-63.33855482000862
16.5958690743756,-0.2508438317344989,0.0217873642228619,-65.36541936740508
16.98243652461744,-0.2587394062795894,-0.06210303375251761,-67.41258796867285
17.37800828749376,-0.2666812791832011,-0.1580412768817551,-69.50141376036437
17.78279410038923,-0.2735309777455484,-0.2677723102550025,-71.62102195781421
18.19700858609983,-0.2790219165664793,-0.3885914237177358,-73.79601450463059
18.62087136662868,-0.2835405418990443,-0.5201747332786332,-75.95816038159897
19.05460717963248,-0.2883172812110909,-0.6682223488748272,-78.1554043692048
19.49844599758046,-0.2910535005462309,-0.8332915770050002,-80.35191850334989
19.95262314968879,-0.2926610051070861,-1.003400375672337,-82.56945290054838
20.4173794466953,-0.2946161915881289,-1.194007795437604,-84.75678057032191
20.89296130854041,-0.2969986910547316,-1.392234054516706,-86.95662932754134
21.37962089502232,-0.2979056571254915,-1.602737066177677,-89.13890251468982
21.87761623949552,-0.2934034268045742,-1.830802349340992,-91.32850897430529
22.3872113856834,-0.2918277109094237,-2.059566859348767,-93.49678551409272
22.90867652767775,-0.289088099812419,-2.313697616565574,-95.61347309573478
23.44228815319923,-0.2873847176121899,-2.557566927151669,-97.71946249980853
23.9883291901949,-0.2807362122266547,-2.83157495903795,-99.77892012853455
24.54708915685031,-0.2789828712503448,-3.11727898886051,-101.7028061860463
25.11886431509582,-0.2703455886786554,-3.408365268186934,-103.7295311954669
25.70395782768865,-0.2727564134829414,-3.699855696629877,-105.5920181843758
26.30267991895381,-0.2620525267971541,-4.014197349454837,-107.5310213620079
26.91534803926917,-0.2568387030831852,-4.325191131663984,-109.3616372404931
27.54228703338169,-0.2555035850620188,-4.636127287095478,-111.0828700026895
28.18382931264455,-0.2467318589931461,-4.970375119145841,-112.8340135495903
28.84031503126606,-0.2407652364866969,-5.301666743676642,-114.514205521897
29.51209226666387,-0.2306228213499635,-5.634178045883949,-116.1618387518689
30.19951720402019,-0.2269901299780333,-5.980187401389387,-117.7076321675488
30.90295432513592,-0.2190478620988359,-6.327316380149956,-119.244402717885
31.62277660168379,-0.2144339767685747,-6.68257756718249,-120.7023041070967
32.35936569296284,-0.209194888929586,-7.039101202355969,-122.155318809195
33.11311214825914,-0.2027979659306467,-7.404493662109012,-123.5117063965651
33.88441561392028,-0.2003004756912237,-7.762767102013837,-124.8748231540735
34.67368504525317,-0.1928355554981957,-8.124719041786792,-126.1335779981508
35.48133892335757,-0.1820888348556479,-8.505001079882019,-127.4079524763841
36.30780547701018,-0.1783470877280714,-8.869538799951457,-128.6383567475157
37.15352290971728,-0.1723764090838497,-9.250096197432269,-129.83039871321
38.01893963205612,-0.1637454907119581,-9.621734558703508,-130.9764542172661
38.90451449942809,-0.1608482593248121,-9.986650421788063,-132.0962347840863
39.81071705534978,-0.1539177900898284,-10.36664817073961,-133.1496567375193
40.7380277804113,-0.1468499970397627,-10.74770449233506,-134.2177562149563
41.68693834703355,-0.141882985473011,-11.13292221856524,-135.158003197295
42.6579518801593,-0.1359889851801458,-11.51687215423111,-136.2186500541288
43.65158322401665,-0.1314712311420739,-11.9040967062678,-137.132207115438
44.66835921509634,-0.1266758098972158,-12.27099440458692,-138.0007457794702
45.70881896148752,-0.1218544453099987,-12.65437227221669,-138.972609403299
46.77351412871986,-0.12554188205574,-13.06731012210852,-139.5927716686235
47.86300923226391,-0.122224425639107,-13.46195161788683,-140.3974514960422
48.97788193684466,-0.1074154168936506,-13.80180903586829,-141.4705215258033
50.11872336272725,-0.1063533869880324,-14.18836452109555,-141.983798038256
51.28613839913654,-0.09798757736532676,-14.57989119553061,-142.9849138321435
52.48074602497723,-0.1055024648363518,-14.99432894361174,-143.3153005784444
53.70317963702527,-0.09923292348743167,-15.37067295174693,-143.956441619299
54.95408738576242,-0.0871864102017187,-15.75864011959758,-145.1083609935958
56.23413251903491,-0.0866635447296235,-16.1209487631683,-145.674175400311
57.54399373371567,-0.08202527604147232,-16.53511612955036,-146.2607501982665
58.88436553555889,-0.08760112571360403,-16.9233285576208,-146.7483928261469
60.25595860743574,-0.08303817371319612,-17.31450099370452,-147.3728701484925
61.65950018614823,-0.0768476469656893,-17.68290049063547,-147.8080348783326
63.0957344480193,-0.0741107545210134,-18.10822885597624,-148.3999316815605
64.56542290346556,-0.07057526777160739,-18.45767449445036,-148.8859998964018
66.06934480075957,-0.06919461555484134,-18.85365773287164,-149.2135086243547
67.60829753919819,-0.06855107397042541,-19.25896655150184,-149.8555657260492
69.18309709189363,-0.06361331706150603,-19.62005308140878,-150.224378349037
70.79457843841381,-0.06019255739231583,-20.04966189928014,-150.9446115772081
72.44359600749898,-0.06287346787711989,-20.44184617371562,-151.2775858287038
74.13102413009177,-0.04654445102661649,-20.7142623194438,-151.7463242512859
75.85775750291835,-0.0460154748025824,-21.10658362859133,-152.2258374060628
77.62471166286919,-0.05417862797603888,-21.63824998388971,-152.5920644563018
79.43282347242813,-0.04757487657011967,-21.96110419392022,-153.1685221515187
81.28305161640995,-0.04945731459175975,-22.34834239644445,-153.1325074056779
83.17637711026708,-0.04242425273965095,-22.69010323534964,-153.923523788766
85.11380382023768,-0.04429028983127369,-23.14916125091835,-154.2953963931568
87.09635899560806,-0.04144074114884802,-23.52090648282911,-154.1323822075151
89.12509381337459,-0.04492836158421498,-23.95045489564221,-154.2721116074764
91.20108393559096,-0.04497831694696877,-24.33534180685026,-154.6777534801473
93.32543007969915,-0.03986295345368092,-24.65678452173705,-154.5976574150618
95.49925860214358,-0.04432061589893958,-25.13593096874971,-155.0610398394746
97.72372209558111,-0.03511819549543262,-25.41086102459069,-155.1260520899599
100,-0.04153939378882514,-25.94538604821012,-155.4016851686965
102.3292992280755,-0.03434919973638543,-26.17472254436428,-155.6500173695784
104.71285480509,-0.04130466616589803,-26.74801806128563,-156.0217133501702
107.1519305237607,-0.04172583610174856,-27.16024754996879,-156.2026097025363
109.6478196143184,-0.02621584112510847,-27.31247096475229,-156.9743703456501
112.2018454301963,-0.0326841029961277,-27.84381929409122,-157.3047027146202
114.8153621496882,-0.03829663869792666,-28.35239101568542,-157.3447201090843
117.4897554939528,-0.02802305705984901,-28.50143856797966,-156.8517900634131
120.2264434617412,-0.03437660072578665,-29.0900195069877,-156.1812145429996
123.0268770812381,-0.02557122645959973,-29.32727115017889,-157.9768288261412
125.8925411794166,-0.02280214195488157,-29.7043569540595,-157.4998369741219
128.8249551693132,-0.0298908331201265,-30.25339509510416,-157.7500986071988
131.8256738556406,-0.02497230692818527,-30.58500442984103,-158.1112601216807
134.8962882591653,-0.03293239264840528,-31.03103923397493,-156.7247014898062
138.0384264602884,-0.0295742421453721,-31.47337578998618,-157.4867693093134
141.2537544622753,-0.02391640949483514,-31.68699217698055,-157.7224689491717
144.5439770745926,-0.01994912583317874,-31.79989133650375,-157.0617529197754
147.9108388168207,-0.02680718488120377,-32.67263615591196,-158.2897913339774
151.3561248436207,-0.02666244768314304,-33.06739271164724,-158.3663087116566
154.881661891248,-0.02766488920111975,-33.35828671761159,-156.8147702150405
158.4893192461113,-0.03411566062127824,-34.01431334367552,-154.3116090224842
162.181009735893,-0.02544251665421654,-33.94517152950796,-155.0889451836836
165.958690743756,-0.02885877095534242,-34.60149610265128,-156.704876638967
169.8243652461742,-0.02738417212783442,-34.77491764265599,-158.7851071274399
173.7800828749374,-0.02359213885562444,-34.99382144480348,-154.9001173917284
177.8279410038923,-0.02633105989344091,-35.50368475200912,-157.4731640110656
181.9700858609983,-0.03032173931736501,-36.35858943641345,-155.8375696117386
186.2087136662866,-0.03633509976463012,-36.78288626445354,-152.5685126313998
190.5460717963246,-0.0249902418182348,-36.68491699481742,-158.8439212220376
194.9844599758046,-0.02922745777230765,-37.49446261825272,-159.8156168162186
199.5262314968879,-0.02494946783628486,-37.50765391831671,-153.9034431297848
204.1737944669528,-0.02761796967548107,-37.82294798070531,-157.1676758617206
208.9296130854038,-0.03375587462990561,-38.43730409939236,-155.6756482932677
213.7962089502233,-0.03276334099445601,-38.50843286034997,-152.6506304529757
218.7761623949552,-0.03914731093986767,-39.05956642592864,-148.4490963851671
223.8721138568338,-0.03825885134681485,-39.5740221270881,-153.34036655194
229.0867652767772,-0.0424716638465263,-40.07826944895817,-154.4959033192964
234.4228815319923,-0.04024405403478194,-40.15461006808724,-152.8500733049375
239.883291901949,-0.04057991147210867,-40.47463881744427,-153.8717606550835
245.4708915685029,-0.0407403409610248,-40.7257937198024,-152.7648841684524
251.1886431509579,-0.048466852675807,-41.12260333401892,-151.3118611234163
257.0395782768865,-0.04989734098646097,-41.51365625418579,-149.1571390539806
263.0267991895381,-0.05363995442440628,-42.69463678000132,-156.7334679623796
269.1534803926914,-0.05731256804459085,-42.50081044328952,-149.3298378201718
275.4228703338166,-0.05876797135013706,-42.5095610953985,-148.9149534538778
281.8382931264455,-0.06942648378493169,-43.76176894657428,-147.6760722398834
288.4031503126606,-0.06677106371084673,-43.53106210120544,-148.2193285339041
295.1209226666384,-0.06804111028799931,-43.42776803640254,-144.4710360988412
301.9951720402016,-0.07521656445992149,-44.17874243160996,-141.8712714508329
309.0295432513592,-0.07394019345844467,-44.16902666764265,-144.7978488205312
316.227766016838,-0.08299726277728661,-45.26987769574647,-143.0748685706424
323.5936569296281,-0.08538184650698336,-46.12897609754748,-155.1452682070687
331.1311214825911,-0.09849584073424852,-46.76301700925231,-138.5429560789469
338.8441561392027,-0.09542260233673683,-45.63668800269878,-140.8104544429027
346.7368504525317,-0.1002709666802142,-45.68297201964445,-139.2763048106495
354.8133892335753,-0.1050894916279004,-45.82088515360216,-134.7166843393188
363.0780547701014,-0.1120119831443708,-46.50468847402779,-137.5096250397713
371.5352290971728,-0.1214346914131021,-46.76958582401041,-136.6921353322346
380.1893963205613,-0.1285843595232684,-46.93086458287736,-131.8964368502537
389.0451449942805,-0.1318546210537895,-47.87073433927345,-132.3102982373535
398.1071705534973,-0.13754860039006,-46.92979175685303,-131.2330218315926
407.380277804113,-0.1504308218961826,-46.2981848102287,-120.9107572788963
416.8693834703355,-0.1585491313173083,-47.61436096374076,-123.9930020670796
426.5795188015926,-0.1644657930489759,-47.67468974569533,-127.2024452330802
436.5158322401661,-0.1749310651130735,-48.74917926444339,-126.6199910580778
446.6835921509635,-0.1838083147999811,-48.15101622994474,-127.4052632704123
457.0881896148752,-0.2082870089074306,-47.70114838787073,-107.8004658536254
467.7351412871981,-0.2248548183557854,-50.5717771047204,-76.12837339877532
478.6300923226385,-0.2198357628724158,-48.68174601784132,-119.3694799607294
489.7788193684466,-0.2290181312157866,-49.35518761458337,-120.9464088612844
501.1872336272725,-0.2390853956740052,-49.30102653944081,-120.0721964961671
512.8613839913648,-0.2436179989577596,-49.8557487396541,-140.2003393625864
524.8074602497728,-0.2706378222984112,-48.64593731986113,-117.0278773888225
537.0317963702532,-0.2876224182718182,-49.91323764739388,-106.9435046680871
549.5408738576248,-0.2984527453780066,-49.08637232260632,-115.4942992100507
562.3413251903492,-0.3127030424564376,-48.91774940245029,-118.354348528033
575.4399373371573,-0.3309104328664023,-48.98657006195286,-104.7488636211989
588.8436553555896,-0.3425046905927289,-48.81401255603977,-106.4803512446828
602.5595860743581,-0.3614404695198464,-49.36433601358488,-109.4688563766441
616.5950018614823,-0.3854972457943742,-48.45295106030166,-106.1206412256898
630.9573444801937,-0.4014837634363301,-49.56341628027826,-106.0262174881905
645.6542290346563,-0.4260209097567483,-49.41832777726504,-107.8472558039159
660.6934480075957,-0.4471459257554977,-48.89075990871727,-98.95615281235871
676.0829753919812,-0.4544256967328866,-46.40637618760735,-107.7366510375021
691.8309709189363,-0.4924240562321752,-48.57065663852158,-98.76505234170628
707.9457843841374,-0.5200527380025486,-49.04726983023841,-102.4414012798976
724.4359600749898,-0.5416397456254358,-48.7725275883703,-102.4310123039572
741.310241300917,-0.5650910806775771,-48.72935736902616,-111.8540663053516
758.5775750291835,-0.598744637515366,-47.64562900530677,-106.1612268237867
776.2471166286912,-0.6303428232871713,-48.52822944238974,-103.2861024870005
794.3282347242814,-0.6626333680906591,-48.32312077610771,-97.81672224166242
812.8305161640988,-0.6985541519118277,-47.32053683249416,-95.69799096850795
831.7637711026709,-0.7334182047828273,-47.9639062708797,-95.07795208792459
851.1380382023759,-0.7758514386715676,-47.29396156990835,-100.1881486670869
870.9635899560805,-0.7988528402306233,-47.23083504393828,-98.33701549919297
891.250938133745,-0.8443643299505563,-47.78503552218248,-99.75564335787396
912.0108393559096,-0.8863552012314835,-47.02812402724718,-97.30725758183222
933.2543007969905,-0.9293458617351005,-47.22392191371291,-92.90983595604439
954.9925860214358,-0.9605702653054831,-47.14344404995651,-98.50302697296888
977.2372209558101,-1.01391289191322,-46.95940414738661,-98.22476836139228
1000,-1.066661486741605,-47.2414836546953,-88.43514076688592
1023.292992280754,-1.103523726098588,-46.45706739660053,-97.30060876298074
1047.1285480509,-1.151273501303753,-47.49342846250825,-93.85103165505447
1071.519305237606,-1.209152451783637,-46.40269245300803,-94.78987363108604
1096.478196143185,-1.263010207682336,-47.4244167500801,-91.09643708849863
1122.018454301963,-1.309009896529228,-46.85569581727746,-104.3260974510926
1148.153621496883,-1.369560882043807,-46.46401061003233,-80.82070559843162
1174.897554939529,-1.418928879186823,-46.32610944028971,-97.67434234968152
1202.264434617413,-1.475713874243525,-45.59201968394433,-95.86810619148227
1230.268770812381,-1.53149439439186,-45.12465257811793,-90.3121759663521
1258.925411794168,-1.592567372421011,-46.00289895998752,-95.57832559752302
1288.249551693134,-1.662033711472967,-43.83102043681657,-90.06060589056153
1318.256738556408,-1.714839911156191,-45.24972320142837,-95.95549672999563
1348.962882591653,-1.783824548604345,-45.41037511877338,-93.31670202226944
1380.384264602885,-1.847637538831749,-45.18611305991111,-97.30570456508715
1412.537544622754,-1.91665272712463,-44.53565032355428,-95.08551550399929
1445.439770745928,-1.983040610394651,-44.72860015314836,-96.63409347137286
1479.108388168207,-2.053629696219801,-43.96391673476302,-93.04571045926546
1513.561248436209,-2.128217607525416,-44.07045646737147,-93.3664876181719
1548.816618912481,-2.205238631477092,-44.14395212761367,-93.36839448332022
1584.893192461114,-2.282873576661582,-43.96900034047092,-98.25192395860827
1621.81009735893,-2.357560763426638,-43.91414113893354,-93.83656328886033
1659.586907437561,-2.429000800130343,-43.57405908782162,-98.80030324436552
1698.243652461744,-2.519272454588077,-43.70543723264774,-95.05945816699841
1737.800828749376,-2.598995312012052,-43.15513286504321,-92.79100781671897
1778.279410038923,-2.679154518999616,-42.97052606527303,-92.80582475885555
1819.700858609984,-2.776857351476214,-42.39688667776374,-95.93228783726852
1862.087136662868,-2.868431408336136,-42.83170292851088,-94.80862008419194
1905.460717963248,-2.974191649368929,-42.46276818152458,-94.22415775646263
1949.844599758045,-3.074866269127501,-42.31398319194093,-95.79114753733927
1995.262314968881,-3.18021014918039,-42.25425357885806,-92.76994516314062
2041.737944669529,-3.294305928281878,-42.17186939125182,-92.78300388376022
2089.296130854041,-3.411697005221332,-41.89792644616568,-91.49767753140146
2137.962089502233,-3.537148721044651,-41.69748910158159,-94.11676454811737
2187.761623949554,-3.682910831607415,-40.14673830514781,-84.95111084843941
2238.72113856834,-3.792807957833926,-39.8308837180006,-86.2749151755944
2290.867652767775,-3.918565982628396,-39.75889912632685,-100.8582344818787
2344.228815319922,-4.063094147049163,-41.12167269281968,-92.4586659512532
2398.832919019493,-4.211316551589394,-40.82013097864929,-95.37415419586603
2454.708915685031,-4.354281214987809,-40.78565421988134,-93.53660495142344
2511.886431509582,-4.496302273624201,-40.28381628076847,-93.39773111048549
2570.395782768865,-4.649690355153144,-40.38996366966083,-95.33313290910539
2630.267991895384,-4.80052502418962,-39.70287933545001,-94.37749543817077
2691.534803926917,-4.945546821258351,-40.17390479920962,-91.52163175539846
2754.228703338164,-5.097773779565432,-39.85696698319519,-95.4630871208779
2818.382931264452,-5.253802118720236,-39.37787689499364,-93.44515557425386
2884.031503126605,-5.400498573938449,-39.15830997756255,-93.84055124893075
2951.209226666384,-5.559863949696253,-39.06702071641025,-98.07995538865968
3019.951720402015,-5.718846038909001,-39.10204825262125,-101.8849288382025
3090.295432513589,-5.868366558344138,-38.98506515621743,-94.81776828582977
3162.277660168378,-6.036024977907141,-38.74784206864455,-94.94806281019895
3235.936569296282,-6.203066287815897,-38.51523002098868,-91.36663013293673
3311.311214825909,-6.351060194501009,-38.28599185978748,-93.34978923076338
3388.441561392024,-6.518736553716994,-38.25071806747121,-93.93426689740652
3467.368504525315,-6.670237969076545,-39.36143006176283,-101.3252663612718
3548.133892335753,-6.809932147495561,-36.4795827648251,-106.9297082485351
3630.780547701012,-6.995172949745886,-37.02613246389026,-96.84510678715648
3715.352290971724,-7.167870895610316,-37.23545505952524,-95.88783439778643
3801.89396320561,-7.323043467482316,-37.34057350367819,-97.37223541688122
3890.451449942805,-7.496355241371154,-36.99362888439395,-98.39958057255626
3981.071705534971,-7.652564882968066,-37.1955266079136,-98.64951484457336
4073.802778041126,-7.81628635515165,-35.6744318026503,-95.98382463493202
4168.693834703353,-7.987629818513499,-36.05447505646612,-100.6506552004118
4265.795188015925,-8.151509625336576,-36.48704026810508,-101.0831422442725
4365.158322401659,-8.331717851210604,-36.52575662162023,-95.7679692078177
4466.83592150963,-8.470047274382074,-36.21387773696394,-99.90035963911559
4570.88189614875,-8.658099208288451,-35.36269218164247,-100.8697271593961
4677.351412871982,-8.806340561457855,-35.85714390886202,-94.9051525607907
4786.300923226382,-8.974388583686267,-35.4866227528378,-95.34552367608092
4897.788193684461,-9.126929567388526,-35.16857203334895,-96.04698530781009
5011.872336272722,-9.308284530640819,-34.71084935883808,-91.91607205347732
5128.613839913648,-9.452321938091341,-35.11675518469792,-98.76139436480418
5248.074602497726,-9.629314777542714,-34.43522311425414,-98.08303739481741
5370.317963702527,-9.801387121182575,-34.57601658516297,-100.7311550722186
5495.408738576246,-9.935518904438341,-34.99795970009179,-104.1906415956119
5623.413251903491,-10.1055238924875,-35.7819737081294,-105.369310230375
5754.39937337157,-10.28490976924835,-33.6031379009748,-93.71056940243928
5888.43655355589,-10.45970982791938,-33.65220391399678,-97.56566968388051
6025.595860743578,-10.61811787354561,-33.56828960909119,-100.7956062315637
6165.950018614823,-10.76029873370792,-33.5250968571272,-100.2383555372008
6309.573444801933,-10.94596498933508,-33.023766489327,-101.2698508350001
6456.542290346556,-11.07967259109011,-32.88525517011532,-102.4286662808175
6606.934480075962,-11.25821074530089,-33.42544539933795,-98.8420022144372
6760.829753919818,-11.42554393635236,-32.75650746419978,-99.5096008073848
6918.309709189366,-11.58621619510104,-32.84095498464728,-98.31398267054897
7079.45784384138,-11.74274037239236,-32.53019689661096,-103.7310945396257
7244.359600749903,-11.89592250819743,-31.46765612021257,-103.3023344371653
7413.102413009177,-12.0547228874724,-31.88261032683063,-104.5486085597859
7585.77575029184,-12.19605800910899,-31.38278363569541,-98.48614371613961
7762.471166286919,-12.38070190674593,-32.38245143970145,-108.1763301032548
7943.282347242818,-12.50500879470202,-31.33149141098327,-105.2315737907572
8128.305161640995,-12.68415905807611,-32.14991070287309,-109.3920689172523
8317.637711026713,-12.82160860471889,-31.57241262362973,-105.9588014183104
8511.380382023766,-12.97137075656328,-31.14837050012946,-106.1663926688715
8709.63589956081,-13.12737753056352,-30.9358214006634,-106.0130162107821
8912.509381337459,-13.29279138019617,-31.56350008110254,-111.1570279617986
9120.108393559101,-13.43271016155258,-31.16553223829275,-108.6935743587092
9332.543007969914,-13.59445039718778,-30.85218553246334,-107.2682069299658
9549.925860214364,-13.73398390381957,-30.36802239547085,-105.3997804597366
9772.372209558111,-13.86931002551669,-30.51046897216746,-109.0834465081327
10000.00000000001,-14.01742136913578,-30.7510567649179,-112.0437739320349
10232.92992280755,-14.15580925886017,-29.93412953614545,-111.7120718713295
10471.285480509,-14.34378171223303,-29.53422813025159,-113.3282723004955
10715.19305237607,-14.44069412734169,-30.18192189324519,-109.3951185411855
10964.78196143186,-14.60215703811931,-29.57990989236435,-107.6177393001904
11220.18454301964,-14.74584873865942,-29.94230601692303,-113.0798650435067
11481.53621496884,-14.86300180649748,-29.32286725602449,-109.3979952357799
11748.97554939529,-15.01885526853144,-29.07082780369609,-112.5926566532825
12022.64434617412,-15.16568590057023,-28.9749655921275,-114.4522070272996
12302.68770812381,-15.27694901901962,-29.3609816257767,-109.6595236128353
12589.25411794166,-15.38656975525226,-28.26211985436938,-117.5363737723758
12882.49551693133,-15.54109928424087,-29.22456287331741,-110.873603807406
13182.56738556407,-15.66583711306802,-28.34224944990475,-117.210093499813
13489.62882591653,-15.79282149761777,-28.43964989973413,-115.5540356980801
13803.84264602884,-15.89338064931949,-28.53494564476584,-114.315524621114
14125.37544622754,-16.02594872946538,-28.40700602660841,-114.9143473904901
14454.39770745927,-16.17128562987462,-28.23152446408539,-118.2457827281553
14791.08388168207,-16.22998741017769,-27.75937553975663,-120.0608279694304
15135.61248436208,-16.39668726509174,-27.59599295828564,-120.8142055101687
15488.16618912481,-16.51203412501923,-27.41930565986006,-119.4663682336715
15848.93192461113,-16.62649528306195,-27.41024346537202,-117.832735387647
16218.10097358929,-16.75376031048751,-27.7860248307264,-118.0095585083175
16595.8690743756,-16.85083961425131,-26.56819576751274,-123.2298532564295
16982.43652461744,-16.95939827606357,-27.45049326540875,-124.6922789100593
17378.00828749375,-17.06718639481974,-27.11863900948853,-124.1474712565138
17782.79410038922,-17.1803069064601,-26.93466495807149,-121.4362801355833
18197.00858609983,-17.26546807236986,-27.03973577868325,-121.9150701976704
18620.87136662867,-17.34080763980143,-26.3720816380255,-118.7103023918168
19054.60717963247,-17.45109686741264,-26.26682339243861,-125.573417403611
19498.44599758045,-17.52439211396379,-26.71558424164673,-124.0808335098946
19952.62314968879,-17.63406510304096,-26.063099885885,-124.5040099526277
20417.37944669529,-17.74073355340344,-25.92828900093813,-122.7864540253637
20892.96130854039,-17.82238701661767,-26.50239269109459,-126.1291052732145
21379.62089502232,-17.94680155077484,-26.48938266804006,-125.336739464948
21877.61623949552,-18.01160278552268,-25.76429076986544,-128.8441795669255
22387.2113856834,-18.10724928661262,-26.21681519168962,-130.321366133528
22908.67652767773,-18.16786908641611,-26.45346837042858,-126.5738492099399
23442.28815319922,-18.29794129472752,-25.86394591430572,-128.452953029801
23988.32919019491,-18.32865358120112,-25.76544429472751,-129.3570534047312
24547.0891568503,-18.41146948351075,-25.75252050047953,-128.2840255514349
25118.8643150958,-18.49303088583809,-24.70750936737941,-127.413444746672
25703.95782768864,-18.55621479540175,-25.64757482369215,-124.9560076836819
26302.67991895382,-18.63010490664029,-25.4352413232012,-131.737120011618
26915.34803926916,-18.66333742779681,-25.2610594116333,-125.3140534622262
27542.28703338167,-18.80609321085977,-25.20948583805017,-134.6278962331046
28183.82931264454,-18.90546604551722,-25.05355758874261,-129.1749589625898
28840.31503126606,-18.91914063863577,-24.48966689028545,-129.0957986868721
29512.09226666387,-18.95244779303251,-25.20060906894988,-127.5945652668381
30199.51720402017,-19.04565271262702,-25.09468262844429,-133.8461563264338
30902.95432513591,-19.11431509898495,-24.82447933525601,-130.8494970316005
31622.7766016838,-19.16778055742273,-24.87641373993553,-129.4779307898283
32359.36569296283,-19.190027866828,-24.67412812307569,-132.9655645775142
33113.11214825912,-19.32134012677941,-24.86930886825773,-130.8409457126264
33884.41561392027,-19.34724062440712,-25.19711374511914,-133.4346867905335
34673.68504525318,-19.39986458757361,-24.9812641268071,-129.7019135007142
35481.33892335756,-19.46084627384139,-23.82681252281767,-132.1771741375325
36307.80547701014,-19.48644002445669,-24.1188686354275,-132.9569746035789
37153.52290971727,-19.53559206390716,-23.54861764738998,-133.2733824671568
38018.93963205614,-19.62602317473779,-24.08322134518908,-132.0617540671511
38904.51449942808,-19.64427773785757,-23.71029642440654,-130.5839152893024
39810.71705534974,-19.69597194666768,-24.63607898435058,-129.7795564487394
40738.02778041129,-19.70357406532844,-23.64234029706255,-133.5845772292463
41686.93834703356,-19.82453999970593,-23.47303826290682,-134.4872260609704
42657.95188015929,-19.88239725757801,-22.95664559826939,-132.8615336982824
43651.58322401662,-19.95073212607981,-24.23013276961543,-140.0222425487121
44668.35921509634,-20.01142652328922,-23.51757730981337,-130.9670283496063
45708.81896148753,-20.0155111598088,-23.12395316376097,-139.693464836963
46773.51412871984,-20.05188890086016,-22.12487439468074,-137.3919865970947
47863.00923226387,-20.09718103122384,-22.71885095171431,-138.725707590562
48977.88193684458,-19.94100029411746,-21.44421418964409,-144.6692328865895
50118.7233627272,-20.10073749405081,-22.4778562343759,-133.2647808271595
51286.13839913646,-20.18140608214585,-23.17154062459945,-138.5275159546423
52480.74602497723,-20.23518515717294,-23.12526420328084,-139.599403876365
53703.17963702524,-20.26039706659523,-22.78756082560061,-137.5610165537129
54954.08738576243,-20.3037715303528,-22.46699320004884,-137.9403475950728
56234.13251903487,-20.39873741657154,-22.85259859679165,-137.2310756678999
57543.99373371566,-20.35726281817596,-22.06011095929085,-133.9519161195142
58884.36553555887,-20.53768932277256,-25.7222225323173,-137.0615254529762
60255.95860743574,-20.45938180700565,-22.63445349801269,-134.0838264222886
61659.50018614819,-20.53334135114133,-22.4601197050399,-136.4306705918654
63095.73444801931,-20.56925038725226,-22.79881308997696,-139.4803288927716
64565.42290346553,-20.62497859697208,-22.65566948907266,-141.6062452962652
66069.34480075957,-20.60218856041166,-24.41113735806454,-143.7397017086674
67608.29753919816,-20.65828174744388,-24.3675934353669,-138.6159903414766
69183.09709189364,-20.60877039384662,-23.91093330239554,-135.4370689997857
70794.57843841377,-20.58122943272061,-24.48285393804494,-135.0334954341385
72443.59600749899,-20.57125811364358,-24.29593075224425,-121.8737809253785
74131.02413009173,-20.64720533468808,-23.54253957348312,-129.0767309316911
75857.75750291835,-20.75018683780797,-24.50956651023832,-126.6252586205752
77624.71166286916,-20.77715761016643,-22.07099414361645,-124.0938116462977
79432.82347242814,-20.79506663542753,-22.0660184690391,-122.338955090017
81283.05161640991,-20.92435105972436,-21.10539642174975,-127.3523981317921
83176.37711026709,-20.95462711429786,-21.40368262827293,-124.7137462947714
85113.80382023763,-20.98805078857879,-21.66308050509821,-123.0068511549781
87096.35899560805,-21.00217323296029,-21.85782590344008,-127.9599650892464
89125.09381337455,-21.01164598737946,-20.73210967007725,-129.4529231400557
91201.08393559097,-21.20269643581818,-21.73539334127,-124.2776561306072
93325.4300796991,-21.18142130375675,-21.31056682667988,-124.5152051890372
95499.25860214359,-21.24653787339851,-21.4741989277102,-126.383932761625
97723.72209558106,-21.39263861384385,-20.45065938108606,-128.6748294286606
100000,-21.53743300291227,-20.38734499812487,-118.0303063750208
